{"cameraMode":{"drawMode":0,"name":"Shaded","section":"Shading Mode"},"sceneLighting":true,"audioPlay":false,"sceneViewState":{"m_AlwaysRefresh":false,"showFog":true,"showSkybox":true,"showFlares":true,"showImageEffects":true,"showParticleSystems":true,"showVisualEffectGraphs":true,"m_FxEnabled":true},"in2DMode":false,"pivot":{"x":0.44690418243408205,"y":3.0865931510925295,"z":1.1955490112304688},"rotation":{"x":0.09286444634199143,"y":0.0059740422293543819,"z":-0.0005571940564550459,"w":0.9956615567207336},"size":10.46198844909668,"orthographic":false}